{
  "merchItems": [
    {
      "name": "Redbubble Store",
      "price": "Various Items",
      "img": "https://ih1.redbubble.net/image.5555555555.1083/ssrco,slim_fit_t_shirt,mens,101010:01c5ca27c6,front,square_product,600x600.jpg",
      "link": "https://www.redbubble.com/people/UnfavoredMerit/shop?asc=u"
    },
    {
      "name": "TeePublic Store",
      "price": "Various Items",
      "img": "https://ih1.redbubble.net/image.4444444444.1234/ssrco,tshirt,mens,101010:01c5ca27c6,front,square_product,600x600.jpg",
      "link": "https://tee.pub/lic/hW_BcFCM6I8"
    }
  ],
  "featuredMerch": [
    {
      "name": "Best-Seller T-Shirt",
      "img": "https://ih1.redbubble.net/image.5555555555.1083/ssrco,slim_fit_t_shirt,mens,101010:01c5ca27c6,front,square_product,600x600.jpg",
      "link": "https://www.redbubble.com/people/UnfavoredMerit/shop?asc=u"
    },
    {
      "name": "Limited Edition Poster",
      "img": "https://via.placeholder.com/400x300?text=Limited+Poster",
      "link": "https://tee.pub/lic/hW_BcFCM6I8"
    }
  ]
}